Plant,Region,RouteNum,Site,VMI,SiteVolume,RouteVolume,Utilization,TripRound,TripTime,TruckDemand
CPA2,江苏南通,1,10178,N,60.0,145.0,0.6695109338061465,2,8.75,2
CPA2,江苏南通,1,11019,N,45.0,145.0,0.6695109338061465,2,8.75,2
CPA2,江苏南通,1,10023,N,40.0,145.0,0.6695109338061465,2,8.75,2
